device_id,timestamp,latitude,longitude,speed_kmh,accel_x,accel_y,accel_z,gyro_x,gyro_y,gyro_z
dev_0001,2026-08-01T08:12:00Z,28.5445,77.1925,28.4,-0.21,0.12,-9.9,0.02,-0.04,0.01
dev_0001,2026-08-01T08:12:05Z,28.5447,77.1928,31.2,-0.35,0.20,-18.4,0.08,-0.11,0.03
dev_0002,2026-08-01T09:01:10Z,28.5448,77.1929,22.1,-0.40,0.15,-21.1,0.10,-0.14,0.04
dev_0003,2026-08-01T10:22:40Z,28.5450,77.1931,19.8,-0.55,0.22,-24.6,0.12,-0.18,0.05
dev_0004,2026-08-02T07:45:00Z,28.5451,77.1930,25.0,-0.48,0.19,-22.3,0.09,-0.15,0.02
dev_0005,2026-08-02T11:10:20Z,28.5468,77.1902,33.5,-0.12,0.08,-10.2,0.01,-0.02,0.00
dev_0005,2026-08-02T11:10:25Z,28.5470,77.1905,30.1,-0.38,0.17,-19.8,0.07,-0.12,0.03
dev_0006,2026-08-02T14:03:00Z,28.5471,77.1906,18.4,-0.52,0.25,-23.1,0.11,-0.16,0.04
dev_0007,2026-08-03T08:30:00Z,28.5422,77.1955,27.6,-0.18,0.10,-11.0,0.02,-0.03,0.01
dev_0007,2026-08-03T08:30:08Z,28.5424,77.1957,24.2,-0.44,0.21,-20.5,0.09,-0.13,0.03
dev_0008,2026-08-03T09:15:00Z,28.5425,77.1958,20.0,-0.61,0.28,-25.2,0.14,-0.19,0.06
dev_0009,2026-08-03T16:40:00Z,28.5426,77.1959,16.5,-0.58,0.24,-23.8,0.13,-0.17,0.05
dev_0010,2026-08-04T07:05:00Z,28.5495,77.1940,35.0,-0.10,0.05,-9.8,0.01,-0.01,0.00
dev_0010,2026-08-04T07:05:10Z,28.5497,77.1942,29.4,-0.33,0.14,-17.6,0.06,-0.10,0.02
dev_0011,2026-08-04T12:20:00Z,28.5498,77.1943,21.7,-0.47,0.20,-21.9,0.10,-0.14,0.04
dev_0012,2026-08-04T18:00:00Z,28.5410,77.1910,26.3,-0.15,0.09,-10.5,0.02,-0.03,0.01
dev_0012,2026-08-04T18:00:06Z,28.5412,77.1912,23.8,-0.41,0.18,-19.2,0.08,-0.12,0.03
dev_0013,2026-08-05T08:10:00Z,28.5413,77.1913,17.9,-0.50,0.23,-22.7,0.11,-0.15,0.04
dev_0014,2026-08-05T09:45:00Z,28.5482,77.1970,32.1,-0.22,0.11,-12.4,0.03,-0.05,0.01
dev_0014,2026-08-05T09:45:05Z,28.5484,77.1972,28.0,-0.46,0.19,-20.8,0.09,-0.13,0.03
dev_0015,2026-08-05T15:30:00Z,28.5485,77.1973,19.2,-0.57,0.26,-24.1,0.12,-0.18,0.05
dev_0016,2026-08-05T18:30:00Z,28.5448,77.1929,15.4,-0.62,0.27,-25.5,0.14,-0.20,0.06
dev_0017,2026-08-06T07:20:00Z,28.5435,77.1938,29.0,-0.14,0.07,-10.1,0.01,-0.02,0.00
dev_0017,2026-08-06T07:20:07Z,28.5437,77.1940,25.5,-0.36,0.16,-18.9,0.07,-0.11,0.02
dev_0018,2026-08-06T09:15:40Z,28.5438,77.1941,22.3,-0.49,0.21,-21.3,0.10,-0.14,0.03
dev_0019,2026-08-06T11:00:00Z,28.5460,77.1960,27.8,-0.19,0.10,-11.2,0.02,-0.04,0.01
dev_0019,2026-08-06T11:00:05Z,28.5462,77.1962,24.0,-0.43,0.18,-20.1,0.08,-0.12,0.03
dev_0020,2026-08-06T13:40:00Z,28.5463,77.1963,18.6,-0.54,0.24,-23.4,0.11,-0.16,0.04
dev_0021,2026-08-06T16:10:00Z,28.5450,77.1931,14.2,-0.66,0.30,-26.0,0.15,-0.21,0.07
dev_0022,2026-08-06T17:00:00Z,28.5471,77.1906,20.5,-0.51,0.22,-22.0,0.10,-0.15,0.04
